时间,星期,实时累计换电次数,换电站,高速换电站
2018-05-20 00:00:00,,1,,
2022-07-04 20:39:13,,10000000,,
2023-04-03 07:05:47,,20000000,,
2023-10-09 18:26:05,,30000000,,
2024-03-13 23:32:40,,40000000,,
2024-08-05 23:33:09,,50000000,,
2024-12-13 21:06:08,,60000000,,
2025-04-01 11:47:33,,70000000,,
2025-07-19 08:06:32,,80000000,,
2025-10-26 22:53:25,,90000000,,
2026-02-06 22:33:18,,100000000,,

2026-02-25 00:10:23,星期三,102497556,3750,1022
2026-02-25 00:10:29,星期三,102497578,3750,1022
2026-02-25 00:10:32,星期三,102497592,3750,1022
2026-02-25 00:10:43,星期三,102497597,3750,1022
2026-02-25 00:10:45,星期三,102497605,3750,1022

2026-02-25 00:15:58,星期三,102498116,3750,1022
2026-02-25 00:16:09,星期三,102498138,3750,1022
2026-02-25 00:16:11,星期三,102498138,3750,1022
2026-02-25 00:16:13,星期三,102498143,3750,1022
2026-02-25 00:16:17,星期三,102498156,3750,1022
2026-02-25 01:30:30,星期三,102501895,3750,1022
2026-02-25 01:30:46,星期三,102501898,3750,1022
2026-02-25 01:30:54,星期三,102501899,3750,1022
2026-02-25 01:30:56,星期三,102501901,3750,1022
2026-02-25 01:30:59,星期三,102501901,3750,1022
2026-02-25 02:32:59,星期三,102503494,3750,1022
2026-02-25 02:33:04,星期三,102503495,3750,1022
2026-02-25 02:33:07,星期三,102503495,3750,1022
2026-02-25 02:33:09,星期三,102503498,3750,1022
2026-02-25 02:33:11,星期三,102503498,3750,1022
2026-02-25 03:35:00,星期三,102504549,3750,1022
2026-02-25 03:35:08,星期三,102504553,3750,1022
2026-02-25 03:35:10,星期三,102504553,3750,1022
2026-02-25 03:35:13,星期三,102504553,3750,1022
2026-02-25 03:35:15,星期三,102504554,3750,1022
2026-02-25 04:52:30,星期三,102505437,3750,1022
2026-02-25 04:52:48,星期三,102505437,3750,1022
2026-02-25 04:52:50,星期三,102505430,3750,1022
2026-02-25 04:52:52,星期三,102505441,3750,1022
2026-02-25 04:52:54,星期三,102505441,3750,1022
2026-02-25 05:30:16,星期三,102505860,3750,1022
2026-02-25 05:30:28,星期三,102505861,3750,1022
2026-02-25 05:30:30,星期三,102505861,3750,1022
2026-02-25 05:30:32,星期三,102505862,3750,1022
2026-02-25 05:30:35,星期三,102505865,3750,1022
2026-02-25 06:01:33,星期三,102506371,3750,1022
2026-02-25 06:01:48,星期三,102506378,3750,1022
2026-02-25 06:01:51,星期三,102506378,3750,1022
2026-02-25 06:01:53,星期三,102506378,3750,1022
2026-02-25 06:01:55,星期三,102506382,3750,1022
2026-02-25 06:49:49,星期三,102507345,3750,1022
2026-02-25 06:49:55,星期三,102507350,3750,1022
2026-02-25 06:50:07,星期三,102507350,3750,1022
2026-02-25 06:50:09,星期三,102507350,3750,1022
2026-02-25 06:50:11,星期三,102507352,3750,1022
2026-02-25 07:17:57,星期三,102508329,3750,1022
2026-02-25 07:18:07,星期三,102508338,3750,1022
2026-02-25 07:18:18,星期三,102508339,3750,1022
2026-02-25 07:18:21,星期三,102508340,3750,1022
2026-02-25 07:18:23,星期三,102508341,3750,1022
2026-02-25 07:49:53,星期三,102510128,3750,1022
2026-02-25 07:50:01,星期三,102510133,3750,1022
2026-02-25 07:50:08,星期三,102510139,3750,1022
2026-02-25 07:50:10,星期三,102510141,3750,1022
2026-02-25 07:50:12,星期三,102510147,3750,1022
2026-02-25 09:00:21,星期三,102515092,3750,1022
2026-02-25 09:00:25,星期三,102515099,3750,1022
2026-02-25 09:00:28,星期三,102515107,3750,1022
2026-02-25 09:00:30,星期三,102515110,3750,1022
2026-02-25 09:00:32,星期三,102515110,3750,1022
2026-02-25 11:40:38,星期三,102530995,3750,1022
2026-02-25 11:40:43,星期三,102531020,3750,1022
2026-02-25 11:40:52,星期三,102531032,3750,1022
2026-02-25 11:40:54,星期三,102531034,3750,1022
2026-02-25 11:40:56,星期三,102531037,3750,1022
2026-02-25 12:34:23,星期三,"102,538,032",3750,1022
2026-02-25 13:04:56,星期三,"102,542,078",3750,1022
2026-02-25 13:07:35,星期三,"102,542,475",3750,1022
2026-02-25 13:09:42,星期三,"102,542,850",3750,1022
2026-02-25 13:12:29,星期三,"102,543,186",3750,1022
2026-02-25 13:14:55,星期三,"102,543,468",3750,1022
2026-02-25 13:15:57,星期三,102543617,3750,1022
2026-02-25 13:15:59,星期三,102543613,3750,1022
2026-02-25 13:16:02,星期三,102543625,3750,1022
2026-02-25 13:16:11,星期三,102543639,3750,1022
2026-02-25 13:16:13,星期三,102543643,3750,1022
2026-02-25 13:44:07,星期三,"102,547,428",3750,1022
2026-02-25 14:37:22,星期三,"102,554,517",3750,1022
2026-02-25 14:40:27,星期三,"102,554,924",3750,1022
2026-02-25 14:50:30,星期三,"102,556,240",3750,1022
2026-02-25 15:00:46,星期三,"102,557,480",3750,1022
2026-02-25 15:10:30,星期三,"102,558,744",3750,1022
2026-02-25 15:20:44,星期三,"102,560,036",3750,1022
2026-02-25 15:34:10,星期三,"102,561,780",3750,1022
2026-02-25 15:35:31,星期三,"102,561,956",3750,1022
2026-02-25 15:41:30,星期三,"102,562,691",3750,1022
2026-02-25 15:45:35,星期三,"102,563,190",3750,1022
2026-02-25 15:50:28,星期三,"102,563,905",3750,1022
2026-02-25 15:55:28,星期三,"102,564,573",3750,1022
2026-02-25 16:00:26,星期三,"102,565,190",3750,1022
2026-02-25 16:04:20,星期三,"102,565,718",3750,1022
2026-02-25 16:10:31,星期三,"102,566,490",3750,1022
2026-02-25 16:20:24,星期三,"102,567,603",3750,1022
2026-02-25 16:30:46,星期三,"102,569,070",3750,1022
2026-02-25 16:40:24,星期三,"102,570,324",3750,1022
2026-02-25 16:50:50,星期三,"102,571,705",3750,1022
2026-02-25 17:00:27,星期三,"102,572,975",3750,1022
2026-02-25 17:10:30,星期三,"102,574,273",3750,1022
2026-02-25 17:20:28,星期三,"102,575,687",3750,1022
2026-02-25 17:30:29,星期三,"102,577,022",3750,1022
2026-02-25 17:40:30,星期三,"102,578,408",3750,1022
2026-02-25 18:00:27,星期三,"102,581,082",3750,1022
2026-02-25 18:10:26,星期三,"102,582,368",3750,1022
2026-02-25 18:20:27,星期三,"102,583,618",3750,1022
2026-02-25 18:30:27,星期三,"102,584,921",3750,1022
2026-02-25 18:40:25,星期三,"102,586,083",3750,1022
2026-02-25 18:51:32,星期三,"102,587,403",3750,1022
2026-02-25 19:00:35,星期三,"102,588,526",3750,1022
2026-02-25 19:10:30,星期三,"102,589,640",3750,1022
2026-02-25 19:20:33,星期三,"102,590,704",3750,1022
2026-02-25 19:30:29,星期三,"102,591,878",3750,1022
2026-02-25 19:40:26,星期三,"102,592,980",3750,1022
2026-02-25 19:50:26,星期三,"102,594,062",3750,1022
2026-02-25 20:00:27,星期三,"102,595,096",3750,1022
2026-02-25 20:10:55,星期三,"102,596,208",3750,1022
2026-02-25 20:20:29,星期三,"102,597,214",3750,1022
2026-02-25 20:31:43,星期三,"102,598,321",3750,1022
2026-02-25 20:40:28,星期三,"102,599,249",3750,1022
2026-02-25 20:50:32,星期三,"102,600,247",3750,1022
2026-02-25 21:00:44,星期三,"102,601,186",3750,1022
2026-02-25 21:10:29,星期三,"102,602,161",3750,1022
2026-02-25 21:21:13,星期三,"102,603,179",3750,1022
2026-02-25 21:30:30,星期三,"102,604,017",3750,1022
2026-02-25 21:40:27,星期三,"102,604,893",3750,1022
2026-02-25 21:50:27,星期三,"102,605,751",3750,1022
2026-02-25 22:00:29,星期三,"102,606,551",3750,1022
2026-02-25 22:10:33,星期三,"102,607,442",3750,1022
2026-02-25 22:20:46,星期三,"102,608,799",3750,1022
2026-02-25 22:30:31,星期三,"102,609,748",3750,1022
2026-02-25 22:40:42,星期三,"102,610,774",3750,1022
2026-02-25 22:50:29,星期三,"102,611,749",3750,1022
2026-02-25 23:00:47,星期三,"102,612,547",3750,1022
2026-02-25 23:10:59,星期三,"102,613,473",3750,1022
2026-02-25 23:20:26,星期三,"102,614,355",3750,1022
2026-02-25 23:30:30,星期三,"102,615,092",3750,1022
2026-02-25 23:40:31,星期三,"102,615,644",3750,1022
2026-02-25 23:50:45,星期三,"102,616,167",3750,1022
2026-02-26 00:00:32,星期四,"102,616,606",3750,1022
2026-02-26 00:10:30,星期四,"102,617,703",3750,1022
2026-02-26 00:20:26,星期四,"102,618,791",3750,1022
2026-02-26 00:31:28,星期四,"102,619,756",3750,1022
2026-02-26 00:41:03,星期四,"102,620,455",3750,1022
2026-02-26 00:51:10,星期四,"102,621,034",3750,1022
2026-02-26 01:00:29,星期四,"102,621,456",3750,1022
2026-02-26 01:10:24,星期四,"102,621,911",3750,1022
2026-02-26 01:20:26,星期四,"102,622,292",3750,1022
2026-02-26 01:30:30,星期四,"102,622,563",3750,1022
2026-02-26 01:40:28,星期四,"102,622,923",3750,1022
2026-02-26 01:50:25,星期四,"102,623,195",3750,1022
2026-02-26 02:00:28,星期四,"102,623,428",3750,1022
2026-02-26 02:10:31,星期四,"102,623,677",3750,1022
2026-02-26 02:20:26,星期四,"102,623,871",3750,1022
2026-02-26 02:30:36,星期四,"102,624,033",3750,1022
2026-02-26 02:40:26,星期四,"102,624,184",3750,1022
2026-02-26 02:50:35,星期四,"102,624,330",3750,1022
2026-02-26 03:10:25,星期四,"102,624,577",3750,1022
2026-02-26 03:20:24,星期四,"102,624,714",3750,1022
2026-02-26 03:30:26,星期四,"102,624,847",3750,1022
2026-02-26 03:40:25,星期四,"102,624,961",3750,1022
2026-02-26 03:50:26,星期四,"102,625,054",3750,1022
2026-02-26 04:00:25,星期四,"102,625,126",3750,1022
2026-02-26 04:10:25,星期四,"102,625,211",3750,1022
2026-02-26 04:20:27,星期四,"102,625,285",3750,1022
2026-02-26 04:30:49,星期四,"102,625,343",3750,1022
2026-02-26 04:40:26,星期四,"102,625,381",3750,1022
2026-02-26 04:50:30,星期四,"102,625,440",3750,1022
2026-02-26 05:00:29,星期四,"102,625,500",3750,1022
2026-02-26 05:10:30,星期四,"102,625,601",3750,1022
2026-02-26 05:20:45,星期四,"102,625,676",3750,1022
2026-02-26 05:31:29,星期四,"102,625,803",3750,1022
2026-02-26 05:40:35,星期四,"102,625,916",3750,1022
2026-02-26 06:20:29,星期四,"102,626,590",3750,1022
2026-02-26 06:31:36,星期四,"102,626,866",3750,1022
2026-02-26 06:40:31,星期四,"102,627,137",3750,1022
2026-02-26 06:50:25,星期四,"102,627,567",3750,1022
2026-02-26 07:00:28,星期四,"102,628,098",3750,1022
2026-02-26 07:10:25,星期四,"102,628,769",3750,1022
2026-02-26 07:20:28,星期四,"102,629,460",3750,1022
2026-02-26 07:30:26,星期四,"102,630,301",3750,1022
2026-02-26 07:40:26,星期四,"102,631,281",3750,1022
2026-02-26 07:50:25,星期四,"102,632,302",3750,1022
2026-02-26 08:00:25,星期四,"102,633,676",3750,1022
2026-02-26 08:10:28,星期四,"102,634,916",3750,1022
2026-02-26 08:21:46,星期四,"102,636,023",3750,1022
2026-02-26 08:30:25,星期四,"102,636,953",3750,1022
2026-02-26 08:40:25,星期四,"102,637,016",3750,1022
2026-02-26 08:50:25,星期四,"102,639,096",3750,1022
2026-02-26 09:00:25,星期四,"102,640,132",3750,1022
2026-02-26 09:10:31,星期四,"102,641,295",3750,1022
2026-02-26 09:20:24,星期四,"102,642,406",3750,1022
2026-02-26 09:30:26,星期四,"102,643,491",3750,1022
2026-02-26 09:40:25,星期四,"102,644,586",3750,1022
2026-02-26 09:50:27,星期四,"102,645,822",3750,1022
2026-02-26 10:00:24,星期四,"102,646,919",3750,1022
2026-02-26 10:10:25,星期四,"102,648,125",3750,1022
2026-02-26 10:30:28,星期四,"102,650,289",3750,1022
2026-02-26 10:40:26,星期四,"102,651,506",3750,1022
2026-02-26 10:50:24,星期四,"102,652,549",3750,1022
2026-02-26 11:00:25,星期四,"102,653,785",3750,1022
2026-02-26 11:50:28,星期四,"102,660,713",3750,1022
2026-02-26 12:00:25,星期四,"102,662,182",3750,1022
2026-02-26 12:10:29,星期四,"102,663,881",3750,1022
2026-02-26 12:20:25,星期四,"102,665,561",3750,1022
2026-02-26 12:30:28,星期四,"102,667,323",3750,1022
2026-02-26 12:40:29,星期四,"102,668,990",3750,1022
2026-02-26 12:51:37,星期四,"102,670,783",3750,1022
2026-02-26 13:01:07,星期四,"102,672,195",3750,1022
2026-02-26 13:10:31,星期四,"102,673,592",3750,1022
2026-02-26 13:20:46,星期四,"102,675,192",3750,1022
2026-02-26 13:30:31,星期四,"102,676,750",3750,1022
2026-02-26 13:40:29,星期四,"102,678,206",3750,1022
2026-02-26 13:51:01,星期四,"102,679,797",3750,1022
2026-02-26 14:00:28,星期四,"102,681,228",3750,1022
2026-02-26 14:10:32,星期四,"102,682,546",3750,1022
2026-02-26 14:20:29,星期四,"102,683,879",3750,1022
2026-02-26 14:30:25,星期四,"102,685,226",3750,1022
2026-02-26 14:41:47,星期四,"102,686,870",3750,1022
2026-02-26 14:50:25,星期四,"102,688,090",3750,1022
2026-02-26 15:00:29,星期四,"102,689,510",3750,1022
2026-02-26 15:10:31,星期四,"102,690,828",3750,1022
2026-02-26 15:20:29,星期四,"102,692,343",3750,1022
2026-02-26 15:30:26,星期四,"102,693,731",3750,1022
2026-02-26 15:40:27,星期四,"102,695,178",3750,1022
2026-02-26 15:50:29,星期四,"102,696,634",3750,1022
2026-02-26 16:00:25,星期四,"102,698,109",3750,1022
2026-02-26 16:11:20,星期四,"102,699,716",3750,1022
2026-02-26 16:20:29,星期四,"102,701,015",3750,1022
2026-02-26 16:30:47,星期四,"102,702,506",3750,1022
2026-02-26 16:40:41,星期四,"102,704,019",3750,1022
2026-02-26 16:50:31,星期四,"102,705,484",3750,1022
2026-02-26 17:10:26,星期四,"102,708,475",3750,1022
2026-02-26 17:20:45,星期四,"102,710,033",3750,1022
2026-02-26 17:30:25,星期四,"102,711,592",3750,1022
2026-02-26 17:40:25,星期四,"102,713,114",3750,1022
2026-02-26 17:50:28,星期四,"102,714,507",3750,1022
2026-02-26 18:00:33,星期四,"102,716,218",3750,1022
2026-02-26 18:10:26,星期四,"102,717,599",3750,1022
2026-02-26 18:20:26,星期四,"102,719,030",3750,1022
2026-02-26 18:30:25,星期四,"102,720,430",3750,1022
2026-02-26 18:40:26,星期四,"102,721,813",3750,1022
2026-02-26 18:51:42,星期四,"102,723,362",3750,1022
2026-02-26 19:00:50,星期四,"102,724,563",3750,1022
2026-02-26 19:10:44,星期四,"102,725,944",3750,1022
2026-02-26 19:20:28,星期四,"102,727,255",3750,1022
2026-02-26 19:41:25,星期四,"102,730,118",3750,1022
2026-02-26 19:50:43,星期四,"102,731,354",3750,1022
2026-02-26 20:01:34,星期四,"102,732,668",3750,1022
2026-02-26 20:10:25,星期四,"102,733,780",3750,1022
2026-02-26 20:20:25,星期四,"102,735,010",3750,1022
2026-02-26 20:30:27,星期四,"102,736,369",3750,1022
2026-02-26 20:40:30,星期四,"102,737,649",3750,1022
2026-02-26 20:50:45,星期四,"102,738,896",3750,1022
2026-02-26 21:00:43,星期四,"102,740,017",3750,1022
2026-02-26 21:10:29,星期四,"102,741,307",3750,1022
2026-02-26 21:20:30,星期四,"102,742,472",3750,1022
2026-02-26 21:30:31,星期四,"102,743,596",3750,1022
2026-02-26 21:40:28,星期四,"102,744,722",3750,1022
2026-02-26 22:01:03,星期四,"102,746,745",3750,1022
2026-02-26 22:10:49,星期四,"102,747,856",3750,1022
2026-02-26 22:20:30,星期四,"102,749,024",3750,1022
2026-02-26 22:41:36,星期四,"102,751,411",3750,1022
2026-02-26 22:50:47,星期四,"102,752,294",3750,1022
2026-02-26 23:00:26,星期四,"102,753,155",3750,1022
2026-02-26 23:10:48,星期四,"102,754,092",3750,1022
2026-02-26 23:20:38,星期四,"102,755,038",3750,1022
2026-02-26 23:30:56,星期四,"102,755,842",3750,1022
2026-02-26 23:41:35,星期四,"102,756,508",3750,1022
2026-02-26 23:50:48,星期四,"102,757,167",3750,1022
2026-02-27 00:00:35,星期五,"102,757,691",3750,1022
2026-02-27 00:11:47,星期五,"102,758,977",3750,1022
2026-02-27 00:20:30,星期五,"102,760,037",3750,1022
2026-02-27 00:30:25,星期五,"102,760,927",3750,1022
2026-02-27 00:41:32,星期五,"102,761,703",3750,1022
2026-02-27 00:51:31,星期五,"102,762,309",3750,1022
2026-02-27 01:01:02,星期五,"102,762,811",3750,1022
2026-02-27 01:10:47,星期五,"102,763,335",3750,1022
2026-02-27 01:20:31,星期五,"102,763,828",3750,1022
2026-02-27 01:40:32,星期五,"102,764,449",3750,1022
2026-02-27 01:50:30,星期五,"102,764,707",3750,1022
2026-02-27 02:00:50,星期五,"102,764,929",3750,1022
2026-02-27 02:10:27,星期五,"102,765,178",3750,1022
2026-02-27 02:20:27,星期五,"102,765,418",3750,1022
2026-02-27 02:30:25,星期五,"102,765,597",3750,1022
2026-02-27 02:40:26,星期五,"102,765,767",3750,1022
2026-02-27 02:50:44,星期五,"102,765,911",3750,1022
2026-02-27 03:00:34,星期五,"102,766,032",3750,1022
2026-02-27 03:10:24,星期五,"102,766,158",3750,1022
2026-02-27 03:20:37,星期五,"102,766,253",3750,1022
2026-02-27 03:30:33,星期五,"102,766,371",3750,1022
2026-02-27 03:40:35,星期五,"102,766,479",3750,1022
2026-02-27 04:00:28,星期五,"102,766,637",3750,1022
2026-02-27 04:10:27,星期五,"102,766,733",3750,1022
2026-02-27 04:21:00,星期五,"102,766,813",3750,1022
2026-02-27 04:30:29,星期五,"102,766,866",3750,1022
2026-02-27 04:40:26,星期五,"102,766,920",3750,1022
2026-02-27 04:50:25,星期五,"102,766,986",3750,1022
2026-02-27 05:00:29,星期五,"102,767,057",3750,1022
2026-02-27 05:10:30,星期五,"102,767,152",3750,1022
2026-02-27 05:20:30,星期五,"102,767,240",3750,1022
2026-02-27 05:31:36,星期五,"102,767,358",3750,1022
2026-02-27 05:40:24,星期五,"102,767,471",3750,1022
2026-02-27 05:50:32,星期五,"102,767,631",3750,1022
2026-02-27 06:10:25,星期五,"102,768,036",3750,1022
2026-02-27 06:20:45,星期五,"102,768,173",3750,1022
2026-02-27 06:30:27,星期五,"102,768,375",3750,1022
2026-02-27 06:40:29,星期五,"102,768,681",3750,1022
2026-02-27 06:50:23,星期五,"102,769,108",3750,1022
2026-02-27 07:00:30,星期五,"102,769,640",3750,1022
2026-02-27 07:10:25,星期五,"102,770,311",3750,1022
2026-02-27 07:20:29,星期五,"102,770,966",3750,1022
2026-02-27 07:30:24,星期五,"102,771,823",3750,1022
2026-02-27 07:40:26,星期五,"102,772,865",3750,1022
2026-02-27 07:50:25,星期五,"102,773,945",3750,1022
2026-02-27 08:00:25,星期五,"102,775,330",3750,1022
2026-02-27 08:20:30,星期五,"102,777,675",3750,1022
2026-02-27 08:30:34,星期五,"102,778,799",3750,1022
2026-02-27 08:40:25,星期五,"102,779,856",3750,1022
2026-02-27 08:50:26,星期五,"102,781,027",3750,1022
2026-02-27 09:00:25,星期五,"102,782,010",3750,1022
2026-02-27 09:11:28,星期五,"102,783,334",3750,1022
2026-02-27 09:21:01,星期五,"102,784,316",3750,1022
2026-02-27 09:31:15,星期五,"102,785,456",3750,1022
2026-02-27 09:40:26,星期五,"102,786,469",3750,1022
2026-02-27 09:50:25,星期五,"102,787,650",3750,1022
2026-02-27 10:00:49,星期五,"102,788,757",3750,1022
2026-02-27 10:10:28,星期五,"102,789,945",3750,1022
2026-02-27 10:20:26,星期五,"102,791,016",3750,1022
2026-02-27 10:30:24,星期五,"102,792,078",3750,1022
2026-02-27 10:40:29,星期五,"102,793,414",3750,1022
2026-02-27 10:50:30,星期五,"102,794,481",3750,1022
2026-02-27 11:00:26,星期五,"102,795,643",3750,1022
2026-02-27 11:10:25,星期五,"102,796,987",3750,1022
2026-02-27 11:20:29,星期五,"102,798,295",3750,1022
2026-02-27 11:31:02,星期五,"102,799,775",3750,1022
2026-02-27 11:40:33,星期五,"102,801,082",3750,1022
2026-02-27 11:50:29,星期五,"102,802,479",3750,1022
2026-02-27 12:00:29,星期五,"102,803,902",3750,1022
2026-02-27 12:10:24,星期五,"102,805,522",3750,1022
2026-02-27 12:20:50,星期五,"102,807,248",3750,1022
2026-02-27 12:30:27,星期五,"102,808,883",3750,1022
2026-02-27 12:40:31,星期五,"102,810,529",3750,1022
2026-02-27 12:50:27,星期五,"102,812,213",3750,1022
2026-02-27 13:00:28,星期五,"102,813,649",3750,1022
2026-02-27 13:10:28,星期五,"102,815,198",3750,1022
2026-02-27 13:20:26,星期五,"102,816,699",3750,1022
2026-02-27 13:30:25,星期五,"102,818,271",3750,1022
2026-02-27 13:40:27,星期五,"102,819,867",3750,1022
2026-02-27 13:50:33,星期五,"102,821,477",3750,1022
2026-02-27 14:00:30,星期五,"102,822,929",3750,1022
2026-02-27 14:10:25,星期五,"102,824,325",3750,1022
2026-02-27 14:20:57,星期五,"102,825,776",3750,1022
2026-02-27 14:30:43,星期五,"102,827,122",3750,1022
2026-02-27 14:40:29,星期五,"102,828,534",3750,1022
2026-02-27 14:50:29,星期五,"102,829,899",3750,1022
2026-02-27 15:10:27,星期五,"102,832,591",3750,1022
<<<<<<< Updated upstream


=======
2026-02-27 15:30:41,星期五,"102,835,459",3750,1022
>>>>>>> Stashed changes
2026-02-27 15:40:34,星期五,"102,836,905",3750,1022
2026-02-27 15:50:29,星期五,"102,838,388",3750,1022
2026-02-27 16:10:50,星期五,"102,841,437",3750,1022
2026-02-27 16:20:29,星期五,"102,842,911",3750,1022
2026-02-27 16:30:30,星期五,"102,844,393",3750,1022
2026-02-27 16:40:25,星期五,"102,845,993",3750,1022
2026-02-27 16:50:29,星期五,"102,847,542",3750,1022
2026-02-27 17:00:47,星期五,"102,849,127",3750,1022
2026-02-27 17:10:25,星期五,"102,850,598",3750,1022
2026-02-27 17:20:26,星期五,"102,852,080",3750,1022
2026-02-27 17:41:38,星期五,"102,855,441",3750,1022
2026-02-27 18:00:28,星期五,"102,858,445",3750,1022
2026-02-27 18:10:27,星期五,"102,859,853",3750,1022
2026-02-27 18:20:37,星期五,"102,861,255",3750,1022
2026-02-27 18:31:18,星期五,"102,862,856",3750,1022
2026-02-27 18:41:43,星期五,"102,864,396",3750,1022
2026-02-27 18:50:57,星期五,"102,865,682",3750,1022
2026-02-27 19:00:31,星期五,"102,866,994",3750,1022
2026-02-27 19:10:24,星期五,"102,868,441",3750,1022
2026-02-27 19:20:43,星期五,"102,869,832",3750,1022
2026-02-27 19:31:47,星期五,"102,871,247",3750,1022
2026-02-27 19:40:32,星期五,"102,872,503",3750,1022
2026-02-27 19:51:32,星期五,"102,873,866",3750,1022
2026-02-27 20:00:25,星期五,"102,874,986",3750,1022
2026-02-27 20:10:28,星期五,"102,876,223",3750,1022
2026-02-27 20:20:47,星期五,"102,877,552",3750,1022
2026-02-27 20:30:30,星期五,"102,878,837",3750,1022
2026-02-27 20:40:25,星期五,"102,880,115",3750,1022
2026-02-27 20:50:27,星期五,"102,881,332",3750,1022
2026-02-27 21:00:50,星期五,"102,882,544",3750,1022
2026-02-27 21:10:27,星期五,"102,883,730",3750,1022
2026-02-27 21:20:30,星期五,"102,884,895",3750,1022
2026-02-27 21:40:34,星期五,"102,887,244",3750,1022
2026-02-27 21:51:31,星期五,"102,888,284",3750,1022
2026-02-27 22:00:29,星期五,"102,889,128",3750,1022
2026-02-27 22:10:26,星期五,"102,890,200",3750,1022
2026-02-27 22:20:29,星期五,"102,891,463",3750,1022
2026-02-27 22:30:27,星期五,"102,892,529",3750,1022
2026-02-27 22:40:28,星期五,"102,893,658",3750,1022
2026-02-27 22:50:50,星期五,"102,894,578",3750,1022
2026-02-27 23:00:26,星期五,"102,895,460",3750,1022
2026-02-27 23:10:30,星期五,"102,896,399",3750,1022
2026-02-27 23:20:26,星期五,"102,897,349",3750,1022
2026-02-27 23:30:26,星期五,"102,898,166",3750,1022
2026-02-27 23:40:28,星期五,"102,898,917",3750,1022
2026-02-27 23:50:29,星期五,"102,899,494",3750,1022
2026-02-28 00:00:49,星期六,"102,900,059",3750,1022
2026-02-28 00:11:49,星期六,"102,901,491",3750,1022
2026-02-28 00:20:49,星期六,"102,902,497",3750,1022
2026-02-28 00:30:46,星期六,"102,903,397",3750,1022
2026-02-28 00:40:25,星期六,"102,904,162",3750,1022
2026-02-28 00:50:26,星期六,"102,904,870",3750,1022
2026-02-28 01:00:26,星期六,"102,905,431",3750,1022
2026-02-28 01:10:25,星期六,"102,905,990",3750,1022
2026-02-28 01:20:30,星期六,"102,906,518",3750,1022
2026-02-28 01:41:43,星期六,"102,907,412",3750,1022
2026-02-28 01:50:31,星期六,"102,907,747",3750,1022
2026-02-28 02:00:31,星期六,"102,908,155",3750,1022
2026-02-28 02:11:07,星期六,"102,908,401",3750,1022
2026-02-28 02:20:31,星期六,"102,908,797",3750,1022
2026-02-28 02:30:31,星期六,"102,909,062",3750,1022
2026-02-28 02:40:37,星期六,"102,909,309",3750,1022
2026-02-28 02:50:49,星期六,"102,909,530",3750,1022
2026-02-28 03:00:30,星期六,"102,909,731",3750,1022
2026-02-28 03:10:31,星期六,"102,909,925",3750,1022
2026-02-28 03:20:37,星期六,"102,910,096",3750,1022
2026-02-28 03:30:32,星期六,"102,910,285",3750,1022
2026-02-28 03:40:36,星期六,"102,910,424",3750,1022
2026-02-28 03:51:42,星期六,"102,910,564",3750,1022
2026-02-28 04:00:25,星期六,"102,910,690",3750,1022
2026-02-28 04:21:25,星期六,"102,910,949",3750,1022
2026-02-28 04:30:30,星期六,"102,911,079",3750,1022
2026-02-28 04:40:31,星期六,"102,911,162",3750,1022
2026-02-28 04:50:30,星期六,"102,911,283",3750,1022
2026-02-28 05:00:31,星期六,"102,911,411",3750,1022
2026-02-28 05:11:27,星期六,"102,911,586",3750,1022
2026-02-28 05:20:24,星期六,"102,911,733",3750,1022
2026-02-28 05:30:27,星期六,"102,911,914",3750,1022
2026-02-28 05:50:29,星期六,"102,912,350",3750,1022
2026-02-28 06:00:26,星期六,"102,912,627",3750,1022
2026-02-28 06:10:26,星期六,"102,912,891",3750,1022
2026-02-28 06:20:29,星期六,"102,913,140",3750,1022
2026-02-28 06:30:26,星期六,"102,913,450",3750,1022
2026-02-28 06:40:25,星期六,"102,913,831",3750,1022
2026-02-28 06:50:24,星期六,"102,914,386",3750,1022
2026-02-28 07:00:25,星期六,"102,915,033",3750,1022
2026-02-28 07:10:28,星期六,"102,915,754",3750,1022
2026-02-28 07:20:25,星期六,"102,916,487",3750,1022
2026-02-28 07:30:27,星期六,"102,917,424",3750,1022
2026-02-28 07:40:30,星期六,"102,918,497",3750,1022
2026-02-28 07:50:24,星期六,"102,919,649",3750,1022
2026-02-28 08:00:32,星期六,"102,921,075",3750,1022
2026-02-28 08:10:30,星期六,"102,922,378",3750,1022
2026-02-28 08:20:30,星期六,"102,923,493",3750,1022
2026-02-28 08:30:29,星期六,"102,924,626",3750,1022
2026-02-28 08:40:29,星期六,"102,925,778",3750,1022
2026-02-28 09:00:29,星期六,"102,928,042",3750,1022
2026-02-28 09:10:35,星期六,"102,929,194",3752,1022
2026-02-28 09:20:29,星期六,"102,930,371",3752,1022
2026-02-28 09:30:25,星期六,"102,931,511",3752,1022
2026-02-28 09:40:29,星期六,"102,932,686",3752,1022
2026-02-28 09:50:30,星期六,"102,933,770",3752,1022
2026-02-28 10:00:26,星期六,"102,935,076",3752,1022
2026-02-28 10:10:28,星期六,"102,936,300",3752,1022
2026-02-28 10:20:29,星期六,"102,937,478",3752,1022
2026-02-28 10:30:27,星期六,"102,938,636",3752,1022
2026-02-28 10:40:30,星期六,"102,939,995",3752,1022
2026-02-28 10:50:52,星期六,"102,941,220",3752,1022
2026-02-28 11:00:24,星期六,"102,942,390",3752,1022
2026-02-28 11:10:30,星期六,"102,943,888",3752,1022
2026-02-28 11:21:13,星期六,"102,945,379",3752,1022
2026-02-28 11:30:26,星期六,"102,946,770",3752,1022
2026-02-28 11:40:30,星期六,"102,948,306",3752,1022
2026-02-28 11:50:27,星期六,"102,949,725",3752,1022
2026-02-28 12:01:44,星期六,"102,951,355",3752,1022
2026-02-28 12:10:28,星期六,"102,952,904",3752,1022
2026-02-28 12:20:25,星期六,"102,954,749",3752,1022
2026-02-28 12:30:28,星期六,"102,956,610",3752,1022
2026-02-28 12:50:36,星期六,"102,960,005",3752,1022
2026-02-28 13:00:26,星期六,"102,961,425",3752,1022
2026-02-28 13:10:30,星期六,"102,963,180",3752,1022
2026-02-28 13:20:25,星期六,"102,964,694",3752,1022
2026-02-28 13:30:34,星期六,"102,966,371",3752,1022
2026-02-28 13:40:27,星期六,"102,967,946",3752,1022
2026-02-28 13:50:25,星期六,"102,969,473",3752,1022
2026-02-28 14:00:29,星期六,"102,971,072",3752,1022
2026-02-28 14:20:28,星期六,"102,973,919",3752,1022
2026-02-28 14:30:25,星期六,"102,975,395",3752,1022
2026-02-28 14:40:27,星期六,"102,976,904",3752,1022
2026-02-28 14:50:50,星期六,"102,978,420",3752,1022
2026-02-28 15:00:56,星期六,"102,979,872",3752,1022
2026-02-28 15:10:35,星期六,"102,981,281",3752,1022
2026-02-28 15:20:27,星期六,"102,982,659",3752,1022
2026-02-28 15:30:29,星期六,"102,984,165",3752,1022
2026-02-28 15:50:31,星期六,"102,987,170",3752,1022
2026-02-28 16:01:43,星期六,"102,988,947",3752,1021
2026-02-28 16:10:26,星期六,"102,990,361",3752,1021
2026-02-28 16:20:26,星期六,"102,991,961",3752,1021
2026-02-28 16:40:58,星期六,"102,995,236",3752,1021
2026-02-28 16:50:33,星期六,"102,996,745",3752,1021
2026-02-28 17:01:02,星期六,"102,998,429",3752,1021
2026-02-28 17:10:29,星期六,"102,999,911",3752,1021
2026-02-28 17:20:27,星期六,"103,001,430",3752,1021
2026-02-28 17:30:47,星期六,"103,003,132",3752,1021
2026-02-28 17:40:30,星期六,"103,004,735",3752,1021
2026-02-28 17:51:43,星期六,"103,006,593",3752,1021
2026-02-28 18:00:33,星期六,"103,007,929",3752,1021
2026-02-28 18:11:37,星期六,"103,009,608",3752,1021
2026-02-28 18:20:30,星期六,"103,011,012",3752,1021
2026-02-28 18:30:26,星期六,"103,012,495",3752,1021
2026-02-28 18:40:29,星期六,"103,013,974",3752,1021
2026-02-28 18:50:32,星期六,"103,015,554",3752,1021
2026-02-28 19:00:30,星期六,"103,017,028",3752,1022
2026-02-28 19:10:25,星期六,"103,018,461",3752,1022
2026-02-28 19:21:45,星期六,"103,020,088",3752,1022
2026-02-28 19:30:24,星期六,"103,021,245",3752,1022
2026-02-28 19:40:43,星期六,"103,022,789",3752,1022
2026-02-28 19:50:41,星期六,"103,024,181",3752,1022
2026-02-28 20:00:30,星期六,"103,025,489",3752,1022
2026-02-28 20:10:40,星期六,"103,026,869",3752,1022
2026-02-28 20:20:28,星期六,"103,028,084",3752,1022
2026-02-28 20:30:29,星期六,"103,029,506",3752,1022
2026-02-28 20:40:29,星期六,"103,030,869",3752,1022
2026-02-28 20:50:27,星期六,"103,032,090",3752,1022
2026-02-28 21:00:29,星期六,"103,033,304",3752,1022
2026-02-28 21:11:45,星期六,"103,034,790",3752,1022
2026-02-28 21:20:25,星期六,"103,035,868",3752,1022
2026-02-28 21:30:26,星期六,"103,037,016",3752,1022
2026-02-28 22:00:28,星期六,"103,040,131",3752,1022
2026-02-28 22:20:29,星期六,"103,042,474",3752,1022
2026-02-28 22:30:27,星期六,"103,043,512",3752,1022
2026-02-28 22:40:28,星期六,"103,044,678",3752,1022
2026-02-28 22:50:41,星期六,"103,045,588",3752,1022
2026-02-28 23:00:41,星期六,"103,046,421",3752,1022
2026-02-28 23:10:30,星期六,"103,047,352",3752,1022
2026-02-28 23:21:55,星期六,"103,048,564",3752,1022
2026-02-28 23:30:29,星期六,"103,049,326",3752,1022
2026-02-28 23:40:29,星期六,"103,050,009",3752,1022
2026-02-28 23:50:29,星期六,"103,050,675",3752,1022
2026-03-01 00:00:53,星期日,"103,051,206",3752,1022
2026-03-01 00:10:40,星期日,"103,052,408",3752,1022
2026-03-01 00:20:24,星期日,"103,053,670",3752,1022
2026-03-01 00:30:30,星期日,"103,054,593",3752,1022
2026-03-01 00:40:40,星期日,"103,055,313",3752,1022
2026-03-01 00:50:29,星期日,"103,055,991",3752,1022
2026-03-01 01:00:42,星期日,"103,056,637",3752,1022
2026-03-01 01:30:45,星期日,"103,058,062",3752,1022
2026-03-01 01:40:32,星期日,"103,058,475",3752,1022
2026-03-01 01:50:35,星期日,"103,058,828",3752,1022
2026-03-01 02:00:31,星期日,"103,059,176",3752,1022
2026-03-01 02:10:54,星期日,"103,059,548",3752,1022
2026-03-01 02:20:32,星期日,"103,059,826",3752,1022
2026-03-01 02:30:34,星期日,"103,060,105",3752,1022
2026-03-01 02:40:25,星期日,"103,060,346",3752,1022
2026-03-01 02:50:29,星期日,"103,060,540",3752,1022
2026-03-01 03:00:49,星期日,"103,060,741",3752,1022
2026-03-01 03:10:27,星期日,"103,060,949",3752,1022
2026-03-01 03:20:34,星期日,"103,061,100",3752,1022
2026-03-01 03:30:35,星期日,"103,061,304",3752,1022
2026-03-01 03:40:32,星期日,"103,061,466",3752,1022
2026-03-01 03:50:26,星期日,"103,061,562",3752,1022
2026-03-01 04:00:29,星期日,"103,061,685",3752,1022
2026-03-01 04:10:25,星期日,"103,061,812",3752,1022
2026-03-01 04:20:25,星期日,"103,061,946",3752,1022
2026-03-01 04:30:27,星期日,"103,062,037",3752,1022
2026-03-01 04:40:26,星期日,"103,062,148",3752,1022
2026-03-01 04:50:29,星期日,"103,062,265",3752,1022
2026-03-01 05:00:30,星期日,"103,062,386",3752,1022
2026-03-01 05:10:26,星期日,"103,062,539",3752,1022
2026-03-01 05:20:28,星期日,"103,062,688",3752,1022
2026-03-01 05:30:22,星期日,"103,062,851",3752,1022
2026-03-01 05:40:28,星期日,"103,063,100",3752,1022
2026-03-01 05:50:28,星期日,"103,063,329",3752,1022
2026-03-01 06:00:28,星期日,"103,063,633",3752,1022
2026-03-01 06:11:34,星期日,"103,063,942",3752,1022
2026-03-01 06:20:24,星期日,"103,064,168",3752,1022
2026-03-01 06:30:26,星期日,"103,064,513",3752,1022
2026-03-01 06:40:33,星期日,"103,064,899",3752,1022
2026-03-01 06:50:53,星期日,"103,065,398",3752,1022
2026-03-01 07:00:29,星期日,"103,066,067",3752,1022
2026-03-01 07:10:25,星期日,"103,066,880",3752,1022
2026-03-01 07:21:42,星期日,"103,067,731",3752,1022
2026-03-01 07:30:25,星期日,"103,068,649",3752,1022
2026-03-01 07:40:33,星期日,"103,069,747",3752,1022
2026-03-01 07:51:45,星期日,"103,071,047",3752,1022
2026-03-01 08:00:33,星期日,"103,072,288",3752,1022
2026-03-01 08:10:28,星期日,"103,073,689",3752,1022
2026-03-01 08:20:26,星期日,"103,074,838",3752,1022
2026-03-01 08:30:25,星期日,"103,076,021",3752,1022
2026-03-01 08:40:26,星期日,"103,077,224",3752,1022
2026-03-01 08:50:25,星期日,"103,078,477",3752,1022
2026-03-01 09:00:28,星期日,"103,079,523",3752,1022
2026-03-01 09:11:18,星期日,"103,080,859",3753,1022
2026-03-01 09:20:26,星期日,"103,081,943",3753,1022
2026-03-01 09:30:25,星期日,"103,083,155",3753,1022
2026-03-01 09:40:25,星期日,"103,084,339",3753,1022
2026-03-01 09:50:29,星期日,"103,085,541",3753,1022
2026-03-01 10:00:34,星期日,"103,086,653",3753,1022
2026-03-01 10:10:30,星期日,"103,087,930",3753,1022
2026-03-01 10:20:25,星期日,"103,089,215",3753,1022
2026-03-01 10:30:26,星期日,"103,090,405",3753,1022
2026-03-01 10:40:25,星期日,"103,091,718",3753,1022
2026-03-01 10:50:29,星期日,"103,092,977",3753,1022
2026-03-01 11:00:24,星期日,"103,094,199",3753,1022
2026-03-01 11:10:30,星期日,"103,095,618",3753,1022
2026-03-01 11:20:31,星期日,"103,097,074",3753,1022
2026-03-01 11:30:25,星期日,"103,098,480",3753,1022
2026-03-01 11:40:25,星期日,"103,099,978",3753,1022
2026-03-01 11:50:25,星期日,"103,101,394",3753,1022
2026-03-01 12:00:25,星期日,"103,102,852",3753,1022
2026-03-01 12:10:26,星期日,"103,104,590",3753,1022
2026-03-01 12:20:28,星期日,"103,106,352",3753,1022
2026-03-01 12:30:29,星期日,"103,108,097",3753,1022
2026-03-01 12:40:31,星期日,"103,109,837",3753,1022
2026-03-01 12:50:57,星期日,"103,111,529",3753,1022
2026-03-01 13:00:26,星期日,"103,112,007",3753,1022
2026-03-01 13:10:29,星期日,"103,114,569",3753,1022
2026-03-01 13:20:31,星期日,"103,116,117",3753,1022
2026-03-01 13:30:26,星期日,"103,117,671",3753,1022
2026-03-01 13:40:29,星期日,"103,119,210",3753,1022
2026-03-01 13:50:25,星期日,"103,120,803",3753,1022
2026-03-01 14:01:49,星期日,"103,122,598",3753,1022
2026-03-01 14:10:24,星期日,"103,123,797",3753,1022
2026-03-01 14:20:32,星期日,"103,125,297",3753,1022
2026-03-01 14:30:25,星期日,"103,126,773",3753,1022
2026-03-01 14:40:35,星期日,"103,128,209",3753,1022
2026-03-01 14:50:26,星期日,"103,129,732",3753,1022
2026-03-01 15:00:29,星期日,"103,131,292",3753,1022
2026-03-01 15:10:25,星期日,"103,132,669",3753,1022
2026-03-01 15:20:30,星期日,"103,134,241",3753,1022
2026-03-01 15:30:24,星期日,"103,135,629",3753,1022
2026-03-01 15:41:51,星期日,"103,137,491",3753,1022
2026-03-01 15:50:30,星期日,"103,138,796",3753,1022
2026-03-01 16:00:29,星期日,"103,140,341",3753,1022
2026-03-01 16:10:43,星期日,"103,141,914",3753,1022
2026-03-01 16:30:29,星期日,"103,145,008",3753,1022
2026-03-01 16:40:25,星期日,"103,146,662",3753,1022
2026-03-01 16:50:44,星期日,"103,148,234",3753,1022
2026-03-01 17:00:47,星期日,"103,149,894",3753,1022
2026-03-01 17:11:41,星期日,"103,151,690",3753,1022
2026-03-01 17:21:48,星期日,"103,153,131",3753,1022
2026-03-01 17:30:27,星期日,"103,154,473",3753,1022
2026-03-01 17:40:26,星期日,"103,156,089",3753,1022
2026-03-01 17:50:28,星期日,"103,157,662",3753,1022
2026-03-01 18:00:28,星期日,"103,159,135",3753,1022
2026-03-01 18:10:24,星期日,"103,160,676",3753,1022
2026-03-01 18:20:45,星期日,"103,162,133",3753,1022
2026-03-01 18:30:27,星期日,"103,163,633",3753,1022
2026-03-01 18:40:26,星期日,"103,165,182",3753,1022
2026-03-01 18:50:29,星期日,"103,166,614",3753,1022
2026-03-01 19:00:33,星期日,"103,168,064",3753,1022
2026-03-01 19:11:33,星期日,"103,169,566",3753,1022
2026-03-01 19:20:24,星期日,"103,170,803",3753,1022
2026-03-01 19:40:24,星期日,"103,173,518",3753,1022
2026-03-01 19:51:43,星期日,"103,175,011",3753,1022
2026-03-01 20:00:25,星期日,"103,176,153",3753,1022
2026-03-01 20:10:24,星期日,"103,177,442",3753,1022
2026-03-01 20:20:26,星期日,"103,178,644",3753,1022
2026-03-01 20:30:27,星期日,"103,179,973",3753,1022
2026-03-01 20:40:33,星期日,"103,181,211",3753,1022
2026-03-01 20:50:27,星期日,"103,182,321",3753,1022
2026-03-01 21:00:25,星期日,"103,183,640",3753,1022
2026-03-01 21:10:30,星期日,"103,184,797",3753,1022
2026-03-01 21:20:25,星期日,"103,185,926",3753,1022
2026-03-01 21:30:33,星期日,"103,187,099",3753,1022
2026-03-01 21:40:27,星期日,"103,188,141",3753,1022
2026-03-01 21:50:29,星期日,"103,189,142",3753,1022
2026-03-01 22:00:43,星期日,"103,190,044",3753,1022
2026-03-01 22:30:29,星期日,"103,193,853",3753,1022
2026-03-01 22:40:38,星期日,"103,195,153",3753,1022
2026-03-01 22:50:34,星期日,"103,196,242",3753,1022
2026-03-01 23:00:40,星期日,"103,197,183",3753,1022
2026-03-01 23:10:50,星期日,"103,198,184",3753,1022
2026-03-01 23:20:51,星期日,"103,199,366",3753,1022
2026-03-01 23:30:26,星期日,"103,200,257",3753,1022
2026-03-01 23:40:27,星期日,"103,201,009",3753,1022
2026-03-01 23:50:50,星期日,"103,201,616",3753,1022
2026-03-02 00:00:44,星期一,"103,202,083",3753,1022
2026-03-02 00:10:28,星期一,"103,203,038",3753,1022
2026-03-02 00:20:27,星期一,"103,204,112",3753,1022
2026-03-02 00:30:29,星期一,"103,204,886",3753,1022
2026-03-02 00:50:29,星期一,"103,206,106",3753,1022
2026-03-02 01:00:46,星期一,"103,206,608",3753,1022
2026-03-02 01:10:26,星期一,"103,207,033",3753,1022
2026-03-02 01:20:27,星期一,"103,207,403",3753,1022
2026-03-02 01:30:26,星期一,"103,207,703",3753,1022
2026-03-02 01:40:26,星期一,"103,208,046",3753,1022
2026-03-02 01:50:25,星期一,"103,208,290",3753,1022
2026-03-02 02:00:28,星期一,"103,208,537",3753,1022
2026-03-02 02:10:25,星期一,"103,208,792",3753,1022
